{
    "name": null,
    "skills": [
        "Executive Leadership",
        "Management",
        "Information Technology",
        "Project Management",
        "Networking",
        "Relationship Building",
        "Operations",
        "Administration",
        "Budget",
        "Client-server",
        "Customer Satisfaction",
        "DEC",
        "Directing",
        "Direction",
        "GIS",
        "Government",
        "Help Desk Support",
        "IBM",
        "IBM Mainframe",
        "Local Area Network",
        "Leadership",
        "Microsoft Exchange",
        "Windows 98",
        "Modems",
        "Enterprise",
        "Organizational",
        "PC's",
        "Routers",
        "Safety",
        "SAN",
        "Servers",
        "Strategic",
        "Upgrading",
        "VAX",
        "VoIP",
        "VSE",
        "Wiring"
    ],
    "experience": [
        {
            "job_title": "Director of Information Technology",
            "company": "Company Name 1",
            "duration": "05/2000 to 01/2014",
            "description": "Provides leadership in directing, planning, managing, and implementing the information technology needs of the City of Greensboro. Provided oversight and direction for the Application Services, GIS, Network Services and Public Safety IT divisions. Establishes guidelines and programs for effective information technology management. Facilitates and implements City-wide strategic policy for planning, development, and deployment of information technology. Key Achievements: Generated a savings of $400K per year with the implementation of VoIP Partnered with NCDOT and GDOT to implement a City-wide fiber optic network infrastructure Implemented on-line payments for parking tickets and utility bills. Received over 1 million in payments to date Over the last five years, maintained a 95% customer satisfaction rating with 98% uptime in server and network environment Implemented virtualized server environment and business continuity site with redundant SAN, servers and network infrastructure Re-established the Technology Advisory Committee."
        },
        {
            "job_title": "Network Services Manager",
            "company": "Company Name 1",
            "duration": "07/1998 to 05/2000",
            "description": "Managed the Desktop Services Division, which included the Help Desk, local area network, server administration, training and leasing of computer technology. Maintained and assisted with the support for enterprise-wide technology deployment. Ensured that the customers\u2019 technology needs were addressed and resolved in an efficient and effective manner. Key Achievements: Championed the organizational strategic initiative to implement a client-server environment with Microsoft Exchange and leasing of all computer technology Managed and directed the installation of 900+ workstations ahead of schedule and under budget Managed and implemented a $2.8 million internal service charge back structure for Help Desk support and leasing of computer technology Implemented a custom Helpdesk Request application, which includes a customer satisfaction survey after each closed call."
        },
        {
            "job_title": "Data Communications Analyst",
            "company": "Company Name 1",
            "duration": "06/1989 to 07/1998",
            "description": "Installed, maintained, configured and analyzed the data communication needs for the City of Greensboro. Installed and configured modems, multiplexers, routers, control units and DEC and IBM terminals. Analyzed system needs and configuration requirements to acquire the appropriate equipment. Managed, maintained and resolved complex system problems with the IBM Mainframe, VAX systems, and servers. Key Achievements: Configured 450+ users on Al-In-One Project leader on upgrading IBM Mainframe to VSE/ESA Developed operations manual for IBM Mainframe Employee of the Year finalist 1996."
        },
        {
            "job_title": "Electronics Technician",
            "company": "Company Name 1",
            "duration": "09/1986 to 06/1989",
            "description": "Repaired, installed, configured and maintained PC's, servers, modems and other communication equipment. Installed and designed network and data communication circuits. Managed setup and installed communication equipment which included mid-range servers, communications equipment, VAX systems and PC's. Key Achievements: Designed and installed the wiring and communications infrastructure for student registration Established redundant communication links to remote sites Developed and planned the communications infrastructure for campus computer labs."
        }
    ]
}