{
    "name": "",
    "skills": [
        "Project Leader",
        "Routers",
        "Safety",
        "SAN",
        "Servers",
        "Strategic Planning",
        "Upgrading",
        "VAX",
        "VoIP",
        "VSE",
        "Wiring",
        "Executive Leadership",
        "Management Information Technology",
        "Networking",
        "Relationship Building",
        "Operations",
        "Administration",
        "Budget Management",
        "Client-Server Architecture",
        "Customer Satisfaction",
        "DEC",
        "Directing",
        "GIS",
        "Government",
        "Help Desk Support",
        "IBM",
        "IBM Mainframe",
        "Information Technology",
        "Local Area Network (LAN)",
        "Leadership",
        "Microsoft Exchange",
        "Modems",
        "Enterprise Systems",
        "PC's",
        "Accounting",
        "Backup",
        "Billing System",
        "Citrix MetaFrame",
        "Excellent Communication",
        "Hardware",
        "Contracts",
        "Client Management",
        "Documentation",
        "Electrical Wiring",
        "Firewall",
        "Groupwise",
        "Novell Groupwise 6.5",
        "GroupWise 5.x",
        "LAN Management",
        "Access Management",
        "Exchange",
        "Windows 7 and Office",
        "Office Applications",
        "Windows OS",
        "Windows 2000",
        "Windows NT",
        "Windows NT 4.0",
        "Windows XP",
        "Migration",
        "NDS",
        "Network Security",
        "Novell 6.0",
        "Novell 6.5",
        "Novell 4.x",
        "Novell Servers",
        "Phone System",
        "Policies",
        "Problem-Solving",
        "Processes",
        "Scheduling",
        "SQL",
        "Cisco Switches",
        "T1 Connections",
        "Telecommunication",
        "Time Management",
        "Troubleshooting",
        "Upgrades",
        "WAN",
        "Antivirus",
        "Backup Exec",
        "Cisco Router",
        "Cisco",
        "Citrix",
        "Database Applications",
        "Database Management",
        "DELL",
        "Disaster Recovery",
        "Document Management",
        "Email",
        "Employee Training",
        "Ethernet",
        "Imaging",
        "Information Systems",
        "PACS",
        "Personnel Management",
        "Property Management",
        "Quality Assurance",
        "Radiology Systems",
        "Reporting",
        "Research",
        "Sales",
        "Software Installation",
        "Supervision",
        "Switch Management",
        "Symantec",
        "TCP/IP",
        "User Support",
        "Technical Training",
        "Technical Documentation",
        "Phone Support",
        "Toshiba",
        "Trend Micro",
        "VPN",
        "Vista",
        "Voice Mail",
        "Website Management",
        "Windows Server",
        "Workflow Management",
        "Configuration Management",
        "Process Development",
        "Process Improvement",
        "Software Development",
        "Software Testing",
        "Serena Version Manager",
        "Serena Business Manager",
        "Serena Business Administrator",
        "Reflections",
        "WinSCP",
        "JavaScript",
        "LINUX",
        "Microsoft Access",
        "SharePoint",
        "Oracle",
        "PL/SQL",
        "Oracle SQL",
        "C Programming",
        "SAS",
        "Visual Basic",
        "Productivity Improvement",
        "Quality Control",
        "Project Development Lifecycle",
        "Results-Oriented",
        "Detail-Oriented",
        "Work Flow Planning",
        "Account Management",
        "Cables",
        "Cabling",
        "MS Exchange Server",
        "Desktop Support",
        "Unix",
        "HP Unix",
        "VBscript",
        "Visual Basic Programming",
        "Active Directory Account Management",
        "MS Exchange Server 2010",
        "Network/Server Security",
        "Geographic Information System",
        "Group Policy",
        "SCOM & SCCM",
        "Powershell",
        "Active Directory Troubleshooting",
        "Windows Server 2016",
        "Windows Server 2012",
        "Windows Server 2003",
        "Windows Server 2000",
        "Windows XP",
        "Windows 7",
        "Windows 10",
        "Microsoft Office 2007",
        "Microsoft Office 2010",
        "Microsoft Office 2013",
        "Microsoft Office 2016",
        "Skype for Business",
        "Track It Work Orders",
        "Escape Financial System",
        "Aeries Student Information System",
        "Alertus Desktop Alerting",
        "Laserfiche",
        "SharePoint 2013",
        "Lyne 2013 iBOSS Web Filter",
        "Proofpoint Spam Filter",
        "Exchange 2010 DAG",
        "Client Access Array",
        "Informacast Speaker System",
        "Microsoft System Center and Operations Manager",
        "EMC Networker Backup Software",
        "ArcGIS Desktop",
        "ArcGIS Server",
        "Maas360 Mobile Phone Management",
        "Azure Hardware",
        "Network Interface Cards",
        "RAM",
        "Video Cards",
        "Hard Drives",
        "RAID Controllers",
        "Motherboards",
        "Power Supplies",
        "Troubleshooting Components"
    ],
    "experience": [
        {
            "job_title": "Director of Information Technology",
            "company": "Company Name, City, State",
            "duration": "05/2000 to 01/2014",
            "description": "Provides leadership in directing, planning, managing, and implementing the information technology needs of the City of Greensboro. Provided oversight and direction for the Application Services, GIS, Network Services and Public Safety IT divisions. Establishes guidelines and programs for effective information technology management. Facilitates and implements City-wide strategic policy for planning, development, and deployment of information technology. Key Achievements: Generated a savings of $400K per year with the implementation of VoIP Partnered with NCDOT and GDOT to implement a City-wide fiber optic network infrastructure Implemented on-line payments for parking tickets and utility bills. Received over | million in payments to date Over the last five years, maintained a 95% customer satisfaction rating with 98% uptime in server and network environment Implemented virtualized server environment and business continuity site with redundant SAN, servers and network infrastructure Re-established the Technology Advisory Committee."
        },
        {
            "job_title": "Network Services Manager",
            "company": "Company Name, City, State",
            "duration": "07/1998 to 05/2000",
            "description": "Managed the Desktop Services Division, which included the Help Desk, local area network, server administration, training and leasing of computer technology. Maintained and assisted with the support for enterprise-wide technology deployment. Ensured that the customers\u2019 technology needs were addressed and resolved in an efficient and effective manner. Key Achievements: Championed the organizational strategic initiative to implement a client-server environment with Microsoft Exchange and leasing of all computer technology Managed and directed the installation of 900+ workstations ahead of schedule and under budget Managed and implemented a $2.8 million internal service charge back structure for Help Desk support and leasing of computer technology Implemented a custom Helpdesk Request application, which includes a customer satisfaction survey after each closed call."
        },
        {
            "job_title": "Data Communications Analyst",
            "company": "Company Name, City, State",
            "duration": "06/1989 to 07/1998",
            "description": "Installed, maintained, configured and analyzed the data communication needs for the City of Greensboro. Installed and configured modems, multiplexers, routers, control units and DEC and IBM terminals. Analyzed system needs and configuration requirements to acquire the appropriate equipment. Managed, maintained and resolved complex system problems with the IBM Mainframe, VAX systems, and servers. Key Achievements: Configured 450+ users on Al-In-One Project leader on upgrading IBM Mainftame to VSE/ESA Developed operations manual for IBM Mainframe Employee of the Year finalist 1996."
        },
        {
            "job_title": "Electronics Technician",
            "company": "Company Name, City, State",
            "duration": "09/1986 to 06/1989",
            "description": "Repaired, installed, configured and maintained PC's, servers, modems and other communication equipment. Installed and designed network and data communication circuits. Managed setup and installed communication equipment which included mid-range servers, communications equipment, VAX systems and PC's. Key Achieverrents: Designed and installed the wiring and communications infrastructure for student registration Established redundant communication links to remote sites Developed and planned the communications infrastructure for campus computer labs."
        },
        {
            "job_title": "Information Technology Manager",
            "company": "Company Name, City, State",
            "duration": "01/2007 to Current",
            "description": "Responsible for maintaining budget and implementing all new technologies within the firm. Integral part of technology team responsible for implementing and migrating Accounting and Billing system upgrade Managed firewall, network monitoring and server monitoring both on- and ofF site. Recommended architectural improvements, design solutions and integration solutions. Trained members of IT team regarding network security and troubleshooting of data circuits. Ensured network, system and data availability and integrity through preventative maintenance and upgrades. Managed Migration from Exchange 2003 to Exchange 2010 Manged Migration from Windows XP and Office 2003 to Windows 7 and Office 2010 Managed and deployed Office 2010 to Office 2013 upgrade Managed migration from Physical Servers to VMWare ESXi Virtual Server environment Responsible for managing all IT related vendor and telecommunication contracts Manage all IT Vendor relationships Provided documentation on start-up, shut down and first level troubleshooting of processes to help desk staff: Implemented company policies, technical procedures and standards for preserving the integrity and security of data, reports and access."
        },
        {
            "job_title": "Technical Project Lead",
            "company": "Company Name, City, State",
            "duration": "11/2005 to 01/2007",
            "description": "Responsible for Maintaining Client relationships and Technical Integrity of the Infrastructure Responsible for Managing Engineers assigned to Client projects, Including time management, time approval and resource scheduling Successfully migrated a Novell 6.0 Cluster with Groupwise to a Novell 6.5 Cluster Responsible for ensuring timely completion of projects Responsible for Managing IT Department at specific client sites,including Helpdesk management."
        },
        {
            "job_title": "Systems Engineer",
            "company": "Company Name, City, State",
            "duration": "01/2004 to 11/2005",
            "description": "Install, Support and maintain Novell, Windows NT 4.0, Windows 2000, Windows 2003 servers. Maintain and Patch over 800 servers in the current environment. Manage implementation of new infrastructure from the Server Side, and co-ordinate with various teams to ensure deadlines are met. Assisted in stabilizing Novell Groupwise 6.5 installation. Implemented and maintained a SQL Cluster in a Microsoft 2003 Server environment."
        },
        {
            "job_title": "Network Analyst",
            "company": "Company Name, City, State",
            "duration": "10/2001 to 10/2003",
            "description": "Managed and supported Novell 4.x and 5.x Servers, Windows NT 4.0 and Windows 2000 Servers, Citrix. MetaFrame XPa, GroupWise 5.x. Second level support for all PC and Network related issues."
        },
        {
            "job_title": "Night Desk Supervisor",
            "company": "Company Name, City, State",
            "duration": "07/2000 to 04/2001",
            "description": "Supervise two additional employees and responsible for all issue escalations and follow up. Manage all projects and ensure on-time completion. Manage client relationships."
        },
        {
            "job_title": "Senior Network Engineer",
            "company": "Company Name, City, State",
            "duration": "08/1999 to 07/2000",
            "description": "Responsible for all LAN/WAN Infrastructure. Evaluate, purchase, implement and maintain all Novell and Windows NT Servers. Manage Cisco Switches and Routers and all WAN T1 Connections."
        },
        {
            "job_title": "Network Analyst",
            "company": "Company Name, City, State",
            "duration": "04/1997 to 06/1999",
            "description": "Support 130+ Novell Servers and NDS Directory Structure. Responsible for upgrading and maintaining. servers as well as all workstation clients."
        },
        {
            "job_title": "Network Support Specialist",
            "company": "Company Name, City, State",
            "duration": "11/1993 to 04/1997",
            "description": "Responsible for All Software, hardware, Network, phone system and voicermail installation and support. Planned move of company to include all Network and electrical wiring as well as Phone system. move/upgrade."
        },
        {
            "job_title": "Service Manager",
            "company": "Company Name, City, State",
            "duration": "09/1988 to 11/1993",
            "description": "Install and maintain all customer systems, network installations and rollouts ofall new computer systesm. Supervised 3 additionaltechnicians."
        },
        {
            "job_title": "IT Manager",
            "company": "Company Name, City, State",
            "duration": "December 2013 to Current",
            "description": "Stabilize and manage infrastructure and applications for corporate and remote facilities Create standard hardware and software lists and purchased based on those lists Create fiscal year budget for IT department Perform thorough IT audit and proposed various changes based on the audit Administer various information technology systems and applications Plan and manage information technology projects Define and plan employee training programs for internal staff Maintain production database applications Analyze system performance and make recommendations to management for infrastructure upgrades and/or changes Reduce system downtime by diagnosing and resolving complex technology related issues Negotiate vendor contracts to ensure the correct product at the lowest cost Streamlined internal communication platform Perform routine vulnerability and risk assessments for company infrastructure Perform regular security audits of internal infrastructure and applications Implemented Voice Over Internet Protocol Phone System for entire organization Manage corporate website and made necessary edits and adjustments Work with various departments to determine technology needs Provide end user support to in-office and remote users."
        },
        {
            "job_title": "Senior Technical Analyst",
            "company": "Company Name, City, State",
            "duration": "October 2010 to December 2013",
            "description": "Manage team of help desk technicians to ensure excellent customer satisfaction and prompt issue resolution for over 30 clients Maintain & monitor ticket queue for myself and other technicians Work with technicians to determine correct issue escalation path Administer various information technology systems and applications Analyze system performance and make recommendations to management for infrastructure upgrades and/or changes Maintain consistent communications with client point of contact Own conplex client help desk and infrastructure rollouts Develop detailed technical documentation and processes for the clients Work closely with the Director of IT to develop help desk policies and procedures Make technical recommendations to clients based on need and cost Act as account owner for select accounts Formulate monthly help desk budget and manage accordingly Work with team and vendors on technical training needs."
        },
        {
            "job_title": "Director of Information Technology",
            "company": "Company Name, City, State",
            "duration": "January 2010 to October 2010",
            "description": "Manage corporate network and ensure high system availability. Develop backup and disaster recovery plan Reduce system downtime by diagnosing and resolving complex technology related issues Administer MPLS network between remote locations Coordinate construction and configuration of remote offices Implement corporate infrastructure monitoring program Manage corporate phone and voice muil systems Provide quality support to all personnel Communicate with President/CEO on all technical matters."
        },
        {
            "job_title": "Director of Information Technology",
            "company": "Company Name, City, State",
            "duration": "June 2004 to December 2009",
            "description": "Manage corporate network and ensure high system availability Maintain disaster recovery methods and backup procedures."
        },
        {
            "job_title": "Project Manager",
            "company": "Company Name, City, State",
            "duration": "June 2000 to December 2003",
            "description": "Provide leadership and direction to installation team members by investigating the radiology department workflow, gathering requirements, managing scope and ensuring quality throughout the installation Work with the sales team to determine the PACS, Radiology Information Systems and/or Hospital Information System needs of the imaging center or hospital Coordinate with vendors, hospital staffand hospital administration to determine the project timeline Aware of HIPAA guidelines and their implications throughout the project timeline Investigate Radiology modalities to determine DICOM compatibility and/or upgrade needs Participate in all aspects of equipment installations Communicate feedback to management regarding the needs of the sites Develop procedures to deploy client PCs with a standard image and security policies Work with help desk team to develop consistent help desk methods and call logging techniques."
        },
        {
            "job_title": "Information Technology Specialist",
            "company": "Company Name",
            "duration": "August 2006 to Current",
            "description": "Track and control over 150 change requests per month. Manage the repository for Software and Customer Requirements Documents, Agreements and Governance Specifications. Document and communicate defects and problems with stakeholders and developers. Develop and report critical metrics related to CRSMB change request activity. Ensure that all activities involved in the software design, coding and testing of the application software have been successfully completed before releasing software for independent testing and deployment into the production environment. Deploy application software to the Test and Production environments using code management tools. Manage logging change requests into the tracking system and assigning work activities to members of the branch. Evaluate the adequacy of current CM processes and procedures and make recommendations for CM process improvement. Coordinate and communicate with developers, subject matter personnel, stakeholders, database management support and project managers. Performed platform testing and performance testing during the migration to the Serena Business Management (SBM) system. Collaborated in the design of the Serena Business Manager (SBM) Workflow. Administrator for the Serena Business Manager (SBM) System Proficiency in working with Serena Version Manager as a software repository, WinSCP and Reflections for the migration and staging of application software to the testing and production LINUX environment. Maintain the Branch's SharePoint Site, ensuring current documentation and resources are available to the Division. Document CM procedures and provide training to new CM staff members, and members of the Division. Execute test scripts as needed in the implementation and deployment of software related Test and Production project development. Assure that software releases are performed in compliance with established CMMI guidelines. Solve technology related issues by researching potential problems and offer a solution in the deployment of software and change request tracking, Ensure that each CM change request has passed regulated security checks. Maintain a well established, well defined, documented, and repeatable processes within standards of Capability Maturity Model Integration (CMMI)."
        },
        {
            "job_title": "Computer Specialist",
            "company": "Company Name",
            "duration": "August 1996 to August 2006",
            "description": "Detailed and refined requirements, wrote algorithms, developed programs and command procedures. Developed solutions to improve software performance. Enhanced testing procedures. Performed software testing, debugging, and validation using internally developed test scripts, test plans, and results criteria. Developed and delivered software products. Communicated with IT staff and subject matter on project requirements Conducted program demonstrations with team members prior to the release of software. Performed extensive database testing, automated testing and data validation in support of the MAF/TIGER database's migration to Oracle. Developed database test scenarios and supporting software in Pro C and Oracle to validate the migration to the Oracle platform. Worked extensively in PL/SQL, SQL, Shell scripting in LINUX, JavaScript, SAS, and Visual Basic. Attended meetings with DivisionA managers A to review project status and proposed changes. Created status reports and posted to the GEO website for management review. Designed and mnintained branch website."
        },
        {
            "job_title": "Computer Specialist",
            "company": "Company Name",
            "duration": "July 1994 to August 1996",
            "description": ""
        },
        {
            "job_title": "Computer Network Specialist",
            "company": "Company Name, City, State",
            "duration": "07/2008 to Current",
            "description": "I serve as the Lan Administrator. I installed and maintain over 100 servers. I installed and maintain a Hyper V cluster of 9 nodes. I administer several systems including Exchange 2010, Lyne 2013, Active Directory 2012 including user accounts & group policy, Microsoft System Center and Operations Manager 2012, Proofpoit spam filter and iBoss web filter, ArcGIS. I manage Active Directory user accounts and troubleshoot Active Directory replication issues when necessary. I maintain 3 SANs including Nimble, Dell Equallogic and StorSimple. I assisted with selecting Alertus desktop alerting system by watching vendor demonstrations and recommending the best alerting system for our environment. I work with users on high level technical issues to analyze issue sand then take corrective action. I perform new employee technology orientations and cellphone training in groups or individually. I write or modify scripts such as Powershell, VBscript. I administer a Vsphere server."
        },
        {
            "job_title": "Technology Specialist III",
            "company": "Company Name, City, State",
            "duration": "06/2001 to 07/2008",
            "description": "Install and configure HP network switches, program switch ports and assign vlans, connect network wall ports and terminate network cables when necessary, troubleshoot network port communication errors and take appropriate action to correct problems, utilize TCP/IP utilities such as ping, tracert and ipconfig to diagnose network problems, installed and nuintain Whats up network device connectivity monitoring software and configured the program to send sms messages when a device or service goes down, installed and maintained Blackberry Enterprise server for MS Exchange server, Fedora Core Linux with Multi Router Traffic Grapher, 2 Windows 2003 domain controllers, Renaissance Learning and Read 180 servers, Xiotech SAN and TNT network security appliance, written a number of dos and vbscript scripts to automate many functions, including student user account creation by exporting data from the student information system formatting the export file and to create approximately 5000 student user accounts, create home folders and set permissions, utilized group policy to secure workstations or install new software, implemented the district Geographic Information system by recommending ArcGIS software to my manager and worked with city and county agencies to acquire base layers and created additional layers such as school sites and attendance areas, communicated with teachers, managers and students, installed and supported a variety of software including anti virus, Office, Fortress desktop security, Rosetta Stone, Escape financial system and other education software, I used Ghost software to image computers when necessary."
        },
        {
            "job_title": "LAN Administrator",
            "company": "Company Name, City, State",
            "duration": "06/2001 to 07/2008",
            "description": "Install and manage Hyper V and other servers Manage 3 SANS - Dell Equallogic, Nimble & Storsimple Troubleshooting server and client issues Administer Exchange 2010, Proofpoint Spam filter, iBoss web filter, System Center Operations manager and Operation manager. EMC Networker backup Installed and maintain Active Directory, group policy, user account management Analyzing technical issues to improve functio9nality Software/Operating Systems: Windows Server 2016, 2012, 2003, 2000, Windows xp, 7, 10, Linux HP Unix, Microsoft Office 2007, 2010, 2013, 2016, Skype for Business, Track It work orders, Escape Financial System, Aeries student information system, Alertus Desktop alerting, Laserfiche, Sharepoint 2013, Lyne 2013 iBOSS web filter, Proofpoint Spam filter, Exchange 2010 DAG and Client Access Array, Informacast Speaker System,Microsoft System Center and Operations Manager, EMC Networker backup software, ArcGIS desktop and server, Maas360 mobile phone management, Azure Hardware: Install components such as network interface cards, ram, video cards, hard drives, Raid controllers, network cabling, motherboards, power supplies also troubleshooting components."
        }
    ]
}